{
  "$schema": "https://json-schema.org/draft/2020-12/schema",
  "title": "Application",
  "description": "A schema for the application definition.",
  "properties": {
    "name": {
      "description": "Specifies the name of the application.",
      "type": "string",
      "minLength": 2,
      "maxLength": 10,
      "pattern": "^([a-z0-9]+)$"
    },
    "environment": {
      "description": "Specifies the environment name of the application.",
      "type": "string",
      "pattern": "^(int|dev|tst|qa|uat|prd)$"
    },
    "tags": {
      "description": "Specifies the tags that should be applied to Azure resources.",
      "type": "object",
      "properties": {
        "cost_center": {
          "description": "Specifies the cost center of the app.",
          "type": "string"
        },
        "product_code": {
          "description": "Specifies the product code of the app.",
          "type": "string"
        },
        "lob_name": {
          "description": "Specifies the lob name of the app.",
          "type": "string"
        }
      },
      "additionalProperties": true
    },
    "identity": {
      "description": "Specifies the identity section of the application.",
      "type": "object",
      "properties": {
        "admin_group_name": {
          "description": "Specifies the name of the admin group.",
          "type": "string"
        },
        "developer_group_name": {
          "description": "Specifies the name of the contributor group.",
          "type": "string"
        },
        "reader_group_name": {
          "description": "Specifies the name of the reader group.",
          "type": "string"
        },
        "service_principal_name": {
          "description": "Specifies the name of the service principal.",
          "type": "string"
        },
        "service_principal_name_snowflake_integration": {
          "description": "Specifies the name of the service principal used for the Snowflake to Databricks integration.",
          "type": "string"
        }
      },
      "required": [
        "admin_group_name"
      ],
      "additionalProperties": false
    },
    "network": {
      "description": "Specifies the network section of the application.",
      "type": "object",
      "properties": {
        "private_endpoint_subnet": {
          "description": "Specifies the private endpoint subnet config for the application.",
          "type": "object",
          "properties": {
            "id": {
              "description": "Specifies the id of the subnet.",
              "type": "string"
            }
          }
        }
      },
      "required": [
        "private_endpoint_subnet"
      ],
      "additionalProperties": false
    },
    "repository": {
      "description": "Specifies the repository section of the extension.",
      "type": "object",
      "properties": {
        "type": {
          "description": "Specifies the type of repository.",
          "type": "string",
          "enum": [
            "github"
          ],
          "default": "github"
        },
        "github": {
          "description": "Specifies the github repository section.",
          "type": "object",
          "properties": {
            "git_url": {
              "description": "Specifies the git URL.",
              "type": "string",
              "enum": [
                "",
                "https://github.com"
              ],
              "default": "https://github.com"
            },
            "account_name": {
              "description": "Specifies the git account name.",
              "type": "string"
            },
            "branch_name": {
              "description": "Specifies the main git branch name.",
              "type": "string",
              "default": "main"
            },
            "repository_name": {
              "description": "Specifies the git repository name.",
              "type": "string"
            },
            "data_factory_root_folder": {
              "description": "Specifies the git root folder for data factory artifacts.",
              "type": "string",
              "default": "/code/datafactory"
            },
            "fabric_root_folder": {
              "description": "Specifies the git root folder for fabric artifacts.",
              "type": "string",
              "default": "/code/fabric"
            }
          },
          "required": [],
          "additionalProperties": false
        }
      },
      "required": [
        "type"
      ],
      "additionalProperties": false
    },
    "alerting": {
      "description": "Specifies the alerting section of the application.",
      "type": "object",
      "properties": {
        "categories": {
          "description": "Specifies the alerting categories for the application.",
          "type": "object",
          "properties": {
            "service_health": {
              "description": "Specifies the service health alerting configurations.",
              "type": "object",
              "properties": {
                "severity": {
                  "description": "Specifies the severity for the service health alerting configuration.",
                  "type": "string",
                  "enum": [
                    "Debug",
                    "Info",
                    "Warning",
                    "Error",
                    "Critical"
                  ]
                },
                "incident_level": {
                  "description": "Specifies the incident level for the service health alerting configuration.",
                  "type": "integer",
                  "minimum": 0,
                  "maximum": 5
                }
              },
              "required": [],
              "additionalProperties": false
            }
          },
          "required": [],
          "additionalProperties": false
        },
        "endpoints": {
          "description": "Specifies the alerting endpoints for the application.",
          "type": "object",
          "properties": {
            "email": {
              "description": "Specifies email alerting endpoint config for the application.",
              "type": "object",
              "properties": {
                "email_address": {
                  "description": "Specifies email address to which alerts will be sent.",
                  "type": "string",
                  "format": "email"
                }
              },
              "required": [
                "email_address"
              ],
              "additionalProperties": false
            }
          },
          "required": [],
          "additionalProperties": false
        }
      },
      "required": [],
      "additionalProperties": false
    },
    "budget": {
      "description": "Specifies the budget section of the application.",
      "type": "object",
      "properties": {
        "categories": {
          "description": "Specifies the budget categories for the application.",
          "type": "object",
          "properties": {
            "azure": {
              "description": "Specifies the azure budget.",
              "type": "integer",
              "minimum": 1
            },
            "databricks": {
              "description": "Specifies the databricks budget.",
              "type": "integer",
              "minimum": 1
            }
          },
          "required": [],
          "additionalProperties": false
        },
        "endpoints": {
          "description": "Specifies the budget endpoints for the application.",
          "type": "object",
          "properties": {
            "email": {
              "description": "Specifies email bduget endpoint config for the application.",
              "type": "object",
              "properties": {
                "email_address": {
                  "description": "Specifies email address to which budget alerts will be sent.",
                  "type": "string",
                  "format": "email"
                }
              },
              "required": [
                "email_address"
              ],
              "additionalProperties": false
            }
          },
          "required": [],
          "additionalProperties": false
        }
      },
      "required": [],
      "additionalProperties": false
    },
    "data_providers": {
      "description": "Specifies the data providers of the application.",
      "type": "object",
      "patternProperties": {
        "^.*$": {
          "type": "object",
          "properties": {
            "service_principal_names": {
              "description": "Specifies service principal names that will be granted storage blob data contributor rights to the provider storage account container name.",
              "type": "array",
              "items": {
                "type": "string"
              }
            },
            "group_names": {
              "description": "Specifies Entra ID group names that will be granted storage blob data contributor rights to the provider storage account container name.",
              "type": "array",
              "items": {
                "type": "string"
              }
            },
            "databricks_catalog": {
              "description": "Specifies Databricks Catalog configuration for the data provider.",
              "type": "object",
              "properties": {
                "enabled": {
                  "description": "Specifies whether unity catalog should be enabled for this data provider.",
                  "type": "boolean",
                  "default": false
                },
                "workspace_binding_catalog": {
                  "description": "Specifies the workspace binding for this catalog.",
                  "type": "array",
                  "items": {
                    "type": "string"
                  }
                }
              },
              "required": [],
              "additionalProperties": false
            }
          },
          "required": [],
          "additionalProperties": false
        }
      }
    },
    "ai_services": {
      "description": "Specifies the ai services to be deployed for the application.",
      "type": "object",
      "patternProperties": {
        "^.*$": {
          "properties": {
            "location": {
              "description": "Specifies the location of the ai service in case it needs to be deployed in another region for capacity reasons.",
              "type": "string"
            },
            "kind": {
              "description": "Specifies the kind of the ai service.",
              "type": "string",
              "enum": [
                "AnomalyDetector",
                "ComputerVision",
                "CognitiveServices",
                "ContentModerator",
                "ContentSafety",
                "CustomVision.Training",
                "CustomVision.Prediction",
                "Face",
                "FormRecognizer",
                "ImmersiveReader",
                "LUIS",
                "Personalizer",
                "SpeechServices",
                "TextAnalytics",
                "TextTranslation",
                "OpenAI"
              ]
            },
            "sku": {
              "description": "Specifies the sku of the ai service.",
              "type": "string",
              "enum": [
                "S",
                "S0",
                "S1",
                "S2",
                "S3",
                "S4",
                "S5",
                "S6",
                "P0",
                "P1",
                "P2",
                "E0",
                "DC0"
              ]
            }
          },
          "required": [
            "kind",
            "sku"
          ],
          "additionalProperties": false
        }
      }
    },
    "databricks": {
      "description": "Specifies the databricks configuration to be deployed for the application.",
      "type": "object",
      "properties": {
        "sql_endpoints": {
          "description": "Specifies the databricks sql endpoints configuration to be deployed for the application.",
          "type": "object",
          "patternProperties": {
            "^.*$": {
              "properties": {
                "auto_stop_mins": {
                  "description": "Specifies the auto stop in minutes of sql endpoint.",
                  "type": "integer",
                  "minimum": 0,
                  "maximum": 200,
                  "default": 60
                },
                "enable_serverless_compute": {
                  "description": "Specifies whether the sql endpoint should be of type serverless.",
                  "type": "boolean",
                  "default": false
                },
                "cluster_size": {
                  "description": "Specifies the cluster size of the sql endpoint.",
                  "type": "string",
                  "enum": [
                    "2X-Small",
                    "X-Small",
                    "Small",
                    "Medium",
                    "Large",
                    "X-Large",
                    "2X-Large",
                    "3X-Large",
                    "4X-Large"
                  ],
                  "default": "2X-Small"
                },
                "min_num_clusters": {
                  "description": "Specifies the minimum number of clusters of the sql endpoint.",
                  "type": "integer",
                  "minimum": 1,
                  "maximum": 100,
                  "default": 1
                },
                "max_num_clusters": {
                  "description": "Specifies the maximum number of clusters of the sql endpoint.",
                  "type": "integer",
                  "minimum": 1,
                  "maximum": 100,
                  "default": 1
                },
                "permissions": {
                  "description": "Specifies the permissions to the sql endpoints.",
                  "type": "object",
                  "properties": {
                    "service_principal_names": {
                      "description": "Specifies service principal names that will be granted 'CAN_USE' to the sql endpoint.",
                      "type": "array",
                      "items": {
                        "type": "string"
                      }
                    },
                    "group_names": {
                      "description": "Specifies Entra ID group names that will be granted 'CAN_USE' to the sql endpoint.",
                      "type": "array",
                      "items": {
                        "type": "string"
                      }
                    }
                  },
                  "required": [],
                  "additionalProperties": false
                }
              },
              "required": [],
              "additionalProperties": false
            }
          }
        },
        "cluster_policy_file_variables": {
          "description": "Specifies the cluster policy file variables.",
          "type": "object"
        },
        "cluster_policy_file_overwrites": {
          "description": "Specifies the cluster policy properties that must be overwritten.",
          "type": "object",
          "properties": {
            "maxClustersPerUser": {
              "description": "Specifies the maximum number of clusters per user.",
              "type": "integer",
              "minimum": 1
            }
          },
          "patternProperties": {
            "^(?!maxClustersPerUser$).*$": {
              "type": "object",
              "properties": {
                "type": {
                  "description": "Specifies type of restriction.",
                  "type": "string",
                  "enum": [
                    "fixed",
                    "forbidden",
                    "allowlist",
                    "blocklist",
                    "regex",
                    "range",
                    "unlimited"
                  ]
                },
                "isOptional": {
                  "description": "Specifies whether the restriction is optional.",
                  "type": "boolean"
                },
                "hidden": {
                  "description": "Specifies whether the restriction should be hidden.",
                  "type": "boolean"
                },
                "minValue": {
                  "description": "Specifies the minimum value for the restriction.",
                  "type": "integer"
                },
                "maxValue": {
                  "description": "Specifies the maximum value for the restriction.",
                  "type": "integer"
                }
              },
              "required": [
                "type"
              ],
              "additionalProperties": true
            }
          }
        },
        "private_endpoint_rules": {
          "description": "Specifies the databricks serverless private endpoint rule.",
          "type": "object",
          "properties": {
            "open_ai_enabled": {
              "description": "Specifies whether OpenAI serverless connectivity is enabled.",
              "type": "boolean"
            }
          },
          "required": [],
          "additionalProperties": false
        }
      },
      "required": [],
      "additionalProperties": false
    },
    "private_endpoints": {
      "description": "Specifies the private endpoints to be deployed for the application.",
      "type": "object",
      "patternProperties": {
        "^.*$": {
          "oneOf": [
            {
              "properties": {
                "resource_id": {
                  "description": "Specifies the resource id to which the private endpoint should connect.",
                  "type": "string"
                },
                "subresource_name": {
                  "description": "Specifies the subresource name of the private endpoint.",
                  "type": "string"
                },
                "private_dns_zone_id": {
                  "description": "Specifies the private dns zone for the private endpoint.",
                  "type": "string"
                }
              },
              "required": [
                "resource_id",
                "subresource_name"
              ],
              "additionalProperties": false
            },
            {
              "properties": {
                "resource_alias": {
                  "description": "Specifies the resource alias for the private link service, if used.",
                  "type": "string"
                }
              },
              "required": [
                "resource_alias"
              ],
              "additionalProperties": false
            }
          ]
        }
      }
    },
    "ai_search": {
      "description": "Specifies the ai search configuration for the app.",
      "type": "object",
      "properties": {
        "enabled": {
          "description": "Specifies whether ai search should be enabled.",
          "type": "boolean"
        },
        "sku": {
          "description": "Specifies the sku of the search service.",
          "type": "string"
        },
        "semantic_search_sku": {
          "description": "Specifies the semantic search sku of the search service.",
          "type": "string"
        },
        "partition_count": {
          "description": "Specifies the partition count of the search service.",
          "type": "integer",
          "minimum": 1,
          "maximum": 12
        },
        "replica_count": {
          "description": "Specifies replica count of the search service.",
          "type": "integer",
          "minimum": 1,
          "maximum": 200
        }
      },
      "required": [],
      "additionalProperties": false
    },
    "ai_foundry_project": {
      "description": "Specifies the ai foundry project configuration for the app.",
      "type": "object",
      "properties": {
        "enabled": {
          "description": "Specifies whether ai foundry project should be enabled.",
          "type": "boolean"
        }
      },
      "required": [],
      "additionalProperties": false
    },
    "data_factory": {
      "description": "Specifies the data factory section of the application.",
      "type": "object",
      "properties": {
        "enabled": {
          "description": "Specifies whether data factory should be enabled.",
          "type": "boolean",
          "default": true
        }
      },
      "required": [],
      "additionalProperties": false
    },
    "fabric": {
      "description": "Specifies the fabric section of the application.",
      "type": "object",
      "properties": {
        "enabled": {
          "description": "Specifies whether fabric should be enabled.",
          "type": "boolean",
          "default": false
        }
      },
      "required": [],
      "additionalProperties": false
    }
  },
  "required": [
    "name",
    "identity",
    "network"
  ],
  "additionalProperties": false
}
