{
  "$schema": "https://json-schema.org/draft/2020-12/schema",
  "title": "DatabricksClusterPolicy",
  "description": "A schema for the databricks cluster policy.",
  "properties": {
    "name": {
      "description": "Specifies the name of the cluster policy.",
      "type": "string",
      "minLength": 2,
      "maxLength": 100,
      "pattern": "^([a-zA-Z0-9]+)$"
    },
    "description": {
      "description": "Specifies the description name of the cluster policy.",
      "type": "string"
    },
    "maxClustersPerUser": {
      "description": "Specifies the number of cluster per user under this policy.",
      "type": "integer",
      "minimum": 1
    },
    "definition": {
      "description": "Specifies the policy definition.",
      "type": "object",
      "patternProperties": {
        "^.*$": {
          "type": "object",
          "properties": {
            "type": {
              "description": "Specifies type of restriction.",
              "type": "string",
              "enum": [
                "fixed",
                "forbidden",
                "allowlist",
                "blocklist",
                "regex",
                "range",
                "unlimited"
              ]
            },
            "isOptional": {
              "description": "Specifies whether the restriction is optional.",
              "type": "boolean"
            },
            "hidden": {
              "description": "Specifies whether the restriction should be hidden.",
              "type": "boolean"
            },
            "minValue": {
              "description": "Specifies the minimum value for the restriction.",
              "type": "integer"
            },
            "maxValue": {
              "description": "Specifies the maximum value for the restriction.",
              "type": "integer"
            }
          },
          "required": [
            "type"
          ],
          "additionalProperties": true
        }
      }
    }
  },
  "required": [
    "name",
    "description",
    "maxClustersPerUser",
    "definition"
  ],
  "additionalProperties": false
}
